intervention_start_day,0.0,0.02,0.04,0.06,0.08,0.1,0.12,0.14,0.16,0.18,0.2,0.22,0.24,0.27,0.29,0.31,0.33,0.35,0.37,0.39,0.41,0.43,0.45,0.47,0.49,0.51,0.53,0.55,0.57,0.59,0.61,0.63,0.65,0.67,0.69,0.71,0.73,0.76,0.78,0.8,0.82,0.84,0.86,0.88,0.9,0.92,0.94,0.96,0.98,1.0
0.0,0.0,5.074891852232977,9.999054118748862,14.769155933603095,19.382523963044317,23.837139180669777,28.13161402909463,32.26519321446977,36.23768713182827,40.049489977380084,43.70150660828516,47.20710969898231,50.57088702159294,53.77730037671362,56.797298034299274,59.65183892414512,62.363896515853945,64.93703030998039,67.37500816444866,69.68177128890514,71.86141801521289,73.91815802017283,75.85629563517591,77.68019864046775,79.3942774928325,81.0029595962499,82.51067205505393,83.9218209830101,85.24077476201029,86.47184905960428,87.61929089848951,88.68727067534586,89.67986843431544,90.62182627036933,91.50544677367117,92.32007642868571,93.06987872702142,93.75080073245823,94.36360464620289,94.92683590239992,95.4436290768126,95.91698618034121,96.34976048830653,96.73954514392622,97.08662273349469,97.4035833686851,97.69247669682274,97.95525280811457,98.19706932104961,98.41902932381691
0.61,0.0,4.691946392875335,9.256977096233443,13.689682367316546,17.988075257578462,22.1506337960809,26.176282947215036,30.06438525702988,33.81472664788958,37.42749477179873,40.90326163908647,44.26270533916087,47.49662192713103,50.5943045196538,53.552934601298766,56.33562900535891,58.993849874045154,61.53020207368694,63.94745622903355,66.24854016152426,68.43651084181815,70.51453685643327,72.48587567772095,74.35386205196994,76.12188542264926,77.79337361196129,79.37177975260215,80.86056878483437,82.26320224828805,83.5831239912239,84.8237534019018,85.98847559875729,87.0806271251496,88.10349313598007,89.09223857460404,90.02025746932145,90.88051407700696,91.66457235289985,92.38183859469771,93.04836809215944,93.66690910048762,94.24011886858948,94.76503311462821,95.24930448062263,95.69654923147003,96.10898439527965,96.47986833173344,96.81996891381084,97.13312826814351,97.42100226944062
1.22,0.0,4.438970133252451,8.766752569798397,12.976421298882679,17.066322966518076,21.035162403406773,24.88199009868316,28.606208248568265,32.20753918864156,35.68602699586364,39.04202414753399,42.29647267870621,45.440001111340656,48.46082244515989,51.36052211429065,54.097514381993996,56.714210589694346,59.22014340069601,61.617497642582094,63.90858632972426,66.09584606251504,68.18181715507112,70.16912569974775,72.06047881943711,73.85863885436233,75.56642409352827,77.18668434946349,78.72229795231702,80.17615731519557,81.55115695690895,82.85019189066719,84.07613947223365,85.2318576318208,86.32017402498715,87.36671715401675,88.36898879562293,89.29792713977183,90.15743710471243,90.94402732470967,91.67954886109627,92.36647601969847,93.00721598676091,93.59617355366588,94.14439821709952,94.65421002010393,95.12767087958774,95.56677103068414,95.96211547316386,96.32779206980298,96.66652563754252
1.84,0.0,4.249660766123098,8.399171568296603,12.440921559012185,16.37346890619633,20.195661596108504,23.906630796999718,27.505785567032028,30.992813173946853,34.36766498898979,37.63053704843154,40.79689460667352,43.8683853297358,46.82709480838595,49.674264618167186,52.378357284009525,54.9591073497253,57.43735265443497,59.814870643125964,62.09356678334672,64.2754498728389,66.36263349176173,68.357306032298,70.26173963934635,72.07826672340386,73.80927080302241,75.4571805245708,77.02445832704396,78.51359050929766,79.92707792369077,81.26743311097964,82.53716475855788,83.73877818058085,84.8747627041309,85.95733255948159,87.01430289972727,87.99665709686872,88.91569357377672,89.75462196739123,90.54256537398042,91.28177812366178,91.97446616339843,92.61498769051086,93.21285133179055,93.77151143332654,94.29289487226094,94.77887152660708,95.2312530571867,95.64191490418882,96.02100503603252
2.45,0.0,4.087029957984489,8.082259200096775,11.97832499298409,15.773956532512434,19.468103345579323,23.05997101865983,26.54898989699006,29.93482363606157,33.21735064613791,36.39666632248291,39.479050338752785,42.48441968464017,45.38537640025429,48.18291754515639,50.85983612372957,53.40526591124994,55.855241733104236,58.21123995901544,60.47483976097428,62.64772512298975,64.7316593570525,66.72850197705647,68.64017372488692,70.46866029074256,72.21600262146988,73.88428803188025,75.47563933563677,76.99221211777024,78.43618235237935,79.80974597454251,81.11510601197358,82.35446813631032,83.53003910402005,84.6440144804939,85.73332019402068,86.76302514220444,87.73343243127822,88.62151448718595,89.45512250774138,90.24017237792579,90.97868415652766,91.6668067450926,92.30888756897382,92.91131486910447,93.47588429420539,94.00434705410412,94.49840599033674,94.9597171210506,95.38988786968021
3.06,0.0,3.933219169699398,7.781239382412641,11.537935945431766,15.2021723848072,18.77301558262735,22.24972830946299,25.631771892754852,28.918791552261425,32.11063313131407,35.207302263433185,38.208994649665584,41.14280678325854,43.984812320623966,46.730966107557336,49.3822032725763,51.8900183780012,54.30880464803719,56.63997590896811,58.884843638707274,61.04480300623325,63.1213406584226,65.116010867676,67.03043985788862,68.86631087315476,70.62536244365438,72.30937976139708,73.92018782366992,75.45964393425726,76.92963506182868,78.33206754220312,79.66886481373425,80.94196351993898,82.15330077064269,83.30482039730194,84.40296701440806,85.47709472370254,86.49288747685165,87.43390185706154,88.3109570447223,89.1399119367424,89.9226000905969,90.65817834363332,91.343359267037,91.98870440894788,92.59587373230748,93.16649089650456,93.70214322933356,94.20437995906956,94.67471119165863
3.67,0.0,3.781019981631628,7.482067517454105,11.099241783205315,14.631539701790054,18.078128438115716,21.43834450122286,24.71168242911076,27.897790568960012,30.996471027922745,34.007688199585374,36.931533763456706,39.7838585384552,42.5631772642761,45.25397527501577,47.856988315374075,50.34387851979714,52.727168360328214,55.02910355461606,57.25075592322094,59.393280162563535,61.45790203585519,63.4459110164527,65.35866710254396,67.19758132561357,68.9641171812662,70.65978710005531,72.28613699204612,73.8447535171297,75.33725015736992,76.76526645474509,78.13046203848897,79.43451281066814,80.67910689534665,81.86593829167386,82.98257574429417,84.0789799945499,85.13904921606677,86.134432365006,87.05421674842928,87.92666320518822,88.75341793243805,89.53610843787807,90.26614678583564,90.95509605222158,91.60581523101818,92.21979206977024,92.79848572515445,93.34332750834473,93.85571792879979
4.29,0.0,3.6276155697003154,7.179859170104685,10.655391235139,14.053349897605539,17.373010770706454,20.61376229757047,23.775139124384314,26.856800586360684,29.85854156970681,32.78026606714106,35.62201620367903,38.388490141543286,41.100475014502955,43.73110954766955,46.28097663369254,48.743285704123366,51.0860973970751,53.3537761626945,55.54718706789612,57.66726291494386,59.71500231271214,61.691460616295714,63.597758348912606,65.43505765111213,67.20457643782707,68.90757029005405,70.54533549644107,72.11920445160051,73.63053680339343,75.08072123482057,76.47116937377385,77.80331088280671,79.07859252122782,80.29324055382028,81.44227465464881,82.54091186005688,83.64412308228506,84.69364789504334,85.65684661633102,86.57240223317767,87.44316723866106,88.27058479997983,89.04927738862371,89.78263875261935,90.47800960147386,91.13673075258666,91.76012445231986,92.34949171006781,92.90611103605902
4.9,0.0,3.467293819963435,6.868815704827225,10.200531004933156,13.461700113350572,16.651682681200285,19.76993880775958,22.816043420429043,25.78968165621759,28.690636292690808,31.518783439038923,34.27410676857884,36.956688475614285,39.590353555778805,42.1559232548833,44.647592923559756,47.06588346736462,49.378185180792244,51.60638739606356,53.76629985829406,55.85866619342372,57.884286673036954,59.84401086110693,61.738740492540614,63.56942126283338,65.33704556790971,67.04264265548022,68.6872799272117,70.2720542129136,71.79809447844596,73.2665585296162,74.67862364725949,76.0354925472832,77.33838061323533,78.57482771085323,79.7552767761185,80.88709491821287,81.99277432580564,83.08549618279957,84.10246430075551,85.06019099423068,85.97436961632421,86.84625939734443,87.67424201612558,88.45234360636198,89.19301427199943,89.89744282171559,90.56680533734742,91.20226449913224,91.8049677406197
5.51,0.0,3.3064507430795143,6.555458093653732,9.74128735912535,12.863289777372877,15.92091981249627,18.913704998636206,21.84127061313368,24.703309175987552,27.49960729743296,30.230036089806756,32.89453938938237,35.49313834442881,38.039145491842085,40.53456796646571,42.962780078522876,45.324173529235345,47.60853966390302,49.79172228544836,51.91252688136557,53.97153016119864,55.96935820410698,57.90668279881353,59.78421912031604,61.602722292815095,63.36298386774723,65.06583212276117,66.71212848993468,68.30276034678943,69.83865032561027,71.3207413940097,72.75000279234654,74.12742184339311,75.45158740358184,76.70707797310885,77.91546795119045,79.07775884138887,80.19496495568926,81.33090141922486,82.40421208806218,83.40428530484176,84.36200428449733,85.27845528721296,86.15472187570994,86.97928198151232,87.76519633783346,88.51526785659946,89.23053550025357,89.91203101505087,90.56077790499239
6.12,0.0,3.1453997112099397,6.240398349989662,9.278536866237552,12.259271535834204,15.182121824725547,18.046692737455782,20.85264174954087,23.599693841288083,26.287646606205982,28.91636011761294,31.48575416258388,33.99580855874687,36.44923813106762,38.869434871007236,41.22890038795568,43.527918879545844,45.766828673186275,47.91195107879581,49.98785674278893,52.00761961272137,53.971717672787655,55.88067434002744,57.73503938389857,59.535401534062025,61.282385583201005,62.97664240483003,64.61541356993727,66.19868169010905,67.73182608506004,69.2156019902909,70.65078830050706,72.03817902549847,73.37859145734957,74.67285687465694,75.91610938852659,77.10484441722275,78.25111970721748,79.41822087278453,80.54499668355726,81.5824375859737,82.57941333693049,83.53683335269653,84.45561023771944,85.3280779582811,86.15759634759468,86.95232719004,87.71315872149317,88.44097747117846,89.13666703845843
6.73,0.0,2.9843058913148535,5.9239706556326155,8.812774630941744,11.650266759947137,14.436048807995705,17.1697781204012,19.851152278352625,22.479937315894226,25.05593422033211,27.579003219895128,30.049054410618346,32.46603836856264,34.829967575627066,37.1616680174751,39.4470388406091,41.67811558639084,43.85514284490729,45.96802172123312,47.993062541862884,49.96749170211818,51.891670062141536,53.76598870459478,55.58435993722939,57.3497736133493,59.067210411371285,60.737165768297054,62.36017018143721,63.93677003745641,65.46753347437519,66.95305611364371,68.3939453894131,69.79083120793213,71.14436067421079,72.4551897227407,73.72399594758959,74.95146489834609,76.13044826782027,77.3234047681435,78.4869428589255,79.57434249600269,80.60734148019904,81.60283317946913,82.56156938951649,83.4807969137615,84.35199142680054,85.18980901713842,85.99499155478529,86.7682829730564,87.51042709228611
7.35,0.0,2.82321543473254,5.606241372401833,8.344100307134738,11.036421739314084,13.682871465240275,16.283157038801942,18.83702310697504,21.344259359755636,23.804691576804103,26.218184435450485,28.584638393123786,30.903995222769222,33.17622918493504,35.411179444777964,37.617014524100256,39.77446476858517,41.883695674277476,43.944908564579954,45.9275570937961,47.84055559214302,49.7049146416183,51.52517978610014,53.301657802580735,55.03467863621934,56.724594453108736,58.371779336710524,59.97663129630173,61.539562202290554,63.06100500770794,64.54141178813293,65.9812498670699,67.38100373712533,68.74116822440438,70.0622608709286,71.34480182261709,72.58932933452965,73.79639258015085,75.02501510855942,76.22936537609388,77.36647619750694,78.4312590142222,79.46090079502913,80.45556530171987,81.40544679967256,82.32294918613366,83.20822661472596,84.05548323131892,84.87233522287909,85.65939198119025
7.96,0.0,2.6620669892982396,5.287126344530158,7.8723842149435725,10.417552447628719,12.922356648843214,15.386549991732467,17.809920304762173,20.1922869017776,22.533492501243835,24.833417645452705,27.09195855194695,29.30904777916027,31.48464889289223,33.61874717911968,35.737758185842296,37.815750166411085,39.85111096999889,41.84397351128576,43.75468419861631,45.603566975642906,47.41322387990037,49.183859656716734,50.91568732333967,52.60894913864653,54.26389461981829,55.88079911993685,57.45994990298404,59.00165182326451,60.506224633240514,61.974001331032724,63.405332674224304,64.80057838406464,66.16011182322016,67.48432232434709,68.77360461224052,70.02836859012729,71.24903197062216,72.48991478114448,73.72768524281726,74.92705681064128,76.03430795829131,77.07878544181119,78.09223975447495,79.07513149663394,80.02792201446009,80.95107986761327,81.8450763223203,82.71038646592757,83.54748886193721
8.57,0.0,2.499515916765438,4.965191981192851,7.396133266433269,9.79211141493922,12.15289412591134,14.478292415923189,16.76812821782635,19.022237581116485,21.240497184987806,23.422791453599288,25.569032695559635,27.679146547837263,29.75308282262731,31.790815780507554,33.80677367052082,35.79933848271579,37.754594429914256,39.67263024032647,41.499294565790855,43.281285290730544,45.029002239889905,46.742583775128765,48.422178325466525,50.067946066371086,51.68006845919037,53.2587338509843,54.80414869110086,56.316527044176,57.79609906920786,59.24310314407511,60.657790232837684,62.040425003979905,63.391278453053864,64.71063213943779,65.99877857836212,67.25602073037416,68.48266552340658,69.72578449864811,70.98376803258452,72.19056103209874,73.32866734181019,74.41045966308457,75.4632797953506,76.48433136320917,77.46680092748608,78.42209309752566,79.35056846624491,80.24649857826476,81.11571394385764
9.18,0.0,2.331337959199309,4.636202391551025,6.911087303094843,9.155802856401085,11.37017809252303,13.554047733303143,15.70727229436194,17.82972414058114,19.92128857893234,21.98186901676533,24.011390782297802,26.009771504201538,27.97697287421217,29.912953567632815,31.819175774467535,33.720248659250906,35.589057820802715,37.42281574675547,39.16032983458286,40.86821085616108,42.546539866053,44.195400493978,45.81489244754145,47.40512538683641,48.966214755308656,50.49829056737034,52.001492901003886,53.47596747671719,54.92187069925093,56.339374078332696,57.72864489126616,59.08987214545731,60.42324820939879,61.7289681628194,63.007242121680584,64.25828372143887,65.48231385630609,66.70313996738662,67.95299354727271,69.1723367217607,70.35319940736404,71.45010480804777,72.52109644354954,73.566440952719,74.58640916513244,75.56860352945264,76.51704484034957,77.44189964268593,78.34344252148205
9.8,0.0,2.162856460488105,4.305301112050142,6.422198266514867,8.51340341948379,10.578784412851617,12.618211650245259,14.63157310258234,16.618764657540417,18.57969342438527,20.5142795944522,22.422452082388467,24.304150898880327,26.159320800799456,27.987933427452283,29.789949492012845,31.58045743949376,33.35619627096564,35.08789010237301,36.73924735615037,38.365463975158235,39.966587813951385,41.542670200601926,43.09376676015434,44.619952443295205,46.12129925187565,47.59789190081264,49.049818959464496,50.47717852256988,51.88007408528469,53.258613581069284,54.612917228227474,55.94310585375308,57.24931094873271,58.53166601878543,59.79031604490073,61.021715144675156,62.20925509943817,63.39579401809981,64.64651920247336,65.87038196174689,67.0675923260214,68.19436021009322,69.27432140018209,70.33175691619955,71.36685566905632,72.37770571567115,73.34490279104354,74.2912535609575,75.21695728789666
10.41,0.0,1.9940289870516548,3.972409631467,5.92935654482607,7.864762570689477,9.778522436742431,11.67053593750853,13.540724026844597,15.388998011242228,17.215289890650286,19.01952821358285,20.801654944770277,22.561620973037677,24.299381265862973,26.014895162616792,27.70813673332684,29.379078939531546,31.054408051233995,32.667998660652664,34.23442187433602,35.77118090881128,37.287013986467684,38.78195460434093,40.25603436179497,41.70929389659521,43.141778051563726,44.55353919440886,45.944630597294946,47.315114096059595,48.665054121317496,49.994519875220625,51.30358814043273,52.59233489307322,53.86084737645862,55.10921069679916,56.32102502416363,57.502140273701066,58.66434552825157,59.80895345635064,61.049545090665156,62.26697256642944,63.46137306815988,64.62376692698098,65.70192270450362,66.7607485822791,67.80037700555653,68.82094206004928,69.80636853587269,70.76375473216643,71.7033043717744
11.02,0.0,1.8248792657360458,3.637573506178904,5.432613286488797,7.209921652760021,8.969422080929245,10.71104136213793,12.434716055421557,14.140376950218425,15.82797719288893,17.497456166786108,19.148773375941975,20.781882199609402,22.396745435515875,23.993330152746683,25.57161077426474,27.1315617336533,28.67211311920601,30.16021992387894,31.630887666163666,33.083793266656045,34.50596341655346,35.911073345542924,37.299141668601244,38.670188085963986,40.024243051611286,41.36132907755504,42.68148333892808,43.98473897814359,45.27113008513288,46.54070474015475,47.79350157462484,49.02957431715586,50.24897269032786,51.42215967177779,52.57889625658074,53.74916677080217,54.90238511746779,56.03863627842014,57.158010976879325,58.34427851401857,59.523432114081956,60.68324979409609,61.78225618898505,62.83000101362608,63.8616823718631,64.87738951755702,65.87027505474774,66.8316833199297,67.77854109323485
11.63,0.0,1.6554406479298178,3.3008709918347368,4.932084985151953,6.549021246070586,8.151627569118913,9.739847576207861,11.31363142441436,12.872942197314675,14.417735191902082,15.947966798674184,17.46360201330247,18.964612125051815,20.450962747729264,21.922625104146785,23.379577030895014,24.821798719359332,26.206485014872815,27.57237160712761,28.933363794343624,30.280509411781342,31.61382271909997,32.92696771607165,34.21956326233882,35.49860198007505,36.76409079857805,38.016050919865464,39.25449689964069,40.479447392086385,41.69092361989257,42.888947859001256,44.0735484623207,45.2772860470685,46.439613720018315,47.58783792765392,48.72200331876627,49.8421669479869,50.94838407705704,52.04070641923239,53.11919772094764,54.188284255852516,55.35615550833563,56.50688717679654,57.64054998913743,58.683325885835316,59.70570949074043,60.71393863247331,61.705839726690705,62.65426072630217,63.5893735999813
12.24,0.0,1.4856783375083449,2.962258486181668,4.427677335670966,5.881896822919186,7.324873900540729,8.756577506977992,10.176972079724377,11.586024237869585,12.983706797273731,14.369987119913896,15.744844635926313,17.108242958557074,18.460171508341393,19.80060384008462,21.129517801092966,22.438505516403563,23.67452934224832,24.91946638231177,26.168410195281833,27.405912813188227,28.631974537767146,29.84660779733761,31.04981627296619,32.229748753172395,33.397264294433825,34.55354153795135,35.69859108637207,36.83242337589869,37.97135810497072,39.11221341919527,40.227543911343844,41.332341227633265,42.42661995009072,43.51040501821441,44.58371322359926,45.64656584636312,46.69898832509235,47.73805923382849,48.76107570843482,49.786742721193775,50.91425919176855,52.02781829798704,53.127460302434514,54.188433994111584,55.17621556741883,56.15256564220614,57.10749787544381,58.02532013642387,58.9323494519165
12.86,0.0,1.3134900297509189,2.619337791614107,3.916665965148869,5.205461179848014,6.4856939781303025,7.7573419263919146,9.020384057962783,10.27479333057868,11.520548073154757,12.75763424982025,13.986029998490856,15.205720942460033,16.41668178187806,17.618906157003657,18.812375877192544,19.970588728056825,21.11368661016585,22.24798691835965,23.373489366282396,24.490193308852824,25.598093695004152,26.69719664636784,27.78750879122719,28.86902267344538,29.932973428278164,30.951206316735778,31.94388070637604,32.93164587397892,33.96762218131322,34.99571525400942,36.015935220697514,37.02828788134139,38.03278317754689,39.02943221651638,40.018244729825646,40.99923240393627,41.97240598553946,42.93777842618649,43.89536265754836,44.890136375517834,45.969442993775544,47.03847806704561,48.09725823897578,49.145793978657245,50.158575255542104,51.05595596450387,51.94548139968958,52.827161780239905,53.70065119657761
13.47,0.0,1.1353875945449787,2.2675671610037695,3.393450760950756,4.513022946351963,5.626268173437787,6.733168409225976,7.833713234873141,8.92788192986933,10.015664096636279,11.09705148906901,12.172022954412931,13.240574777221937,14.302691894752428,15.370675453534488,16.447451198738783,17.45879568909441,18.46353134032882,19.461659004036413,20.453175269665735,21.438081620320038,22.41637046718976,23.388046225135618,24.325943887927657,25.208235627227594,26.08526576711211,26.95703357027651,27.83836898678581,28.763816352162785,29.683604856865344,30.5977354357422,31.506214918926666,32.409047078059636,33.30623371126414,34.19777725644701,35.083687553079436,35.963966678177094,36.838620529268596,37.707654925823164,38.57107695040811,39.55458681989751,40.556552545643896,41.55094662345539,42.53777083900715,43.517028238019904,44.430500931229986,45.25041334541036,46.064587125238944,46.8503299885373,47.60348718917734
14.08,0.0,0.9533434045173039,1.906461427253081,2.8550508989695134,3.7991044942838115,4.738605668477214,5.673554845371543,6.603936844737712,7.529746347388622,8.450969520946561,9.36760906203007,10.279648841624,11.187084156506721,12.14592370738612,13.089582048442727,13.953315273957735,14.812176032526846,15.666157154660453,16.51526006264269,17.3594808951525,18.198817402037047,18.958703262977185,19.69773244727059,20.43304852458727,21.164649079161045,21.89667241229005,22.693348342154195,23.486113383742378,24.27496397447313,25.059905971873242,25.84093484778429,26.618057064519697,27.39127000491466,28.16057509405052,28.925978317669944,29.687477345274406,30.445075520374342,31.198773387981106,31.94857750148178,32.82796221913148,33.73597354787137,34.63866177752847,35.53392790287141,36.371511029803884,37.20387258396488,38.00749072450708,38.68898026352178,39.34537070016658,39.997876454236504,40.646493195943776
14.69,0.0,0.7628520455475796,1.5270640206643815,2.2881041721801387,3.045965333481604,3.8006453977180166,4.552130241044738,5.300423279529198,6.045520023652973,6.787416576392746,7.526103644935067,8.308078411953002,9.111277445616306,9.876127652009991,10.573493632831577,11.267303437784104,11.957551989255489,12.644241770799303,13.292577533217376,13.863139584327044,14.431130952659421,14.996557657073396,15.559412842090403,16.166773379034872,16.80748541541344,17.44558174433124,18.0810621843808,18.713925787506714,19.344175380714525,19.971808896879327,20.596826774760434,21.21923027967484,21.83902256617889,22.45619618276494,23.070756758731427,23.68270630542887,24.292043722615553,24.969969417184934,25.759005494438004,26.519926603949873,27.239881007095978,27.956297955384034,28.669171483090818,29.378501096943822,30.02432304701247,30.548274062987524,31.069532828841908,31.588099072302946,32.1039722064006,32.61715165061921
15.31,0.0,0.5572627535917918,1.1162616849142326,1.673121307403569,2.2278388632937185,2.780409740943446,3.330833677647027,3.8791128682776455,4.42523870424647,4.995943396465763,5.624419583007912,6.250122191627582,6.778979937374229,7.286722174046023,7.791929031225298,8.294598479932436,8.700778532435027,9.068075914602991,9.433690844048204,9.79761997870634,10.199680846703597,10.656623995654934,11.111896820689804,11.56549797964862,12.01742749869642,12.467686526526078,12.916272869526669,13.36318797524746,13.808432775283508,14.252005324555206,14.69390968731723,15.13414187873111,15.57270578663591,16.009598799094306,16.46385201502253,16.978901074960906,17.545846046382117,18.110541391916335,18.672985559944124,19.23317876244466,19.791113217411795,20.34679029680485,20.83342543274629,21.188828805666994,21.542483806143665,21.89438638513257,22.24453776790498,22.592935608414354,22.93958054715017,23.28447162829953
15.92,0.0,0.39659084781153986,0.7935971155036747,1.1892141501464115,1.5834443786612917,1.976283074524532,2.3677330581761025,2.7577910210962453,3.1464581572622996,3.5337317266629364,3.919614907227431,4.304103901184531,4.687197580467506,5.068897655443205,5.449202824140087,5.828109654377755,6.205621704213071,6.5817390835235745,6.919053280287879,7.220718059469833,7.521111964740745,7.847889215981596,8.17920515505659,8.508788988203698,8.836642937068294,9.19461355790201,9.555421421213861,9.914234727326631,10.27105380832526,10.625878310647153,10.97870812803694,11.329540559533434,11.678379598047616,12.025221974935052,12.370068838282645,12.712919654102873,13.01114592997219,13.302340426232684,13.592173819095699,13.880644342013436,14.167752754076712,14.453498150335275,14.737880442016593,15.020898542878914,15.302552412466452,15.582841884425203,15.861765639067293,16.13932450147315,16.50242276061842,16.911593005379487
16.53,0.0,0.29269766694351995,0.5849362633361332,0.87633483465962,1.1668933108934798,1.456612379572353,1.745490065646127,2.033528489811298,2.320725637775334,2.6070834777465746,2.9180416540990017,3.2492494706984676,3.5790682239456806,3.9074974705400445,4.234536002474398,4.560185350644219,4.884444662686249,5.207313544584446,5.528790629015234,5.848875867035341,6.167571208411527,6.484873718031503,6.800784492058076,7.1153031787229875,7.410165794505619,7.68632308902657,7.961375674739135,8.235321953194031,8.508162997858438,8.779899231386901,9.000862673617505,9.219907731597221,9.43844835697243,9.656482615467876,9.874012882663962,10.09103795055416,10.307557494102081,10.523573597691716,10.739083697461327,10.954090937810967,11.16859376393461,11.38259196268374,11.596085582794613,11.809076925134043,12.02156317169284,12.23354641716602,12.445026154060212,12.656003226200907,12.866475955418688,13.076446230064132
17.14,0.0,0.24068022456266158,0.4810974248782629,0.7210549666465504,0.9605525497281331,1.1995895865156592,1.438168455669997,1.676286023532092,1.9139451308647248,2.1583330689613045,2.4458333751392503,2.732422359622577,3.0181001534839047,3.302866043394448,3.586720140068378,3.8696639936718458,4.1516951679790415,4.432815446384453,4.713024069315653,4.992321087487362,5.270705874886428,5.548180726561003,5.82474185232379,6.0673830539838995,6.3028301284034915,6.537547713572178,6.771537459431198,7.004799153951657,7.230198677331212,7.406552142808875,7.582663785240873,7.758534117661742,7.934162958749913,8.109550969907142,8.284697223891058,8.459602196099958,8.634267458628619,8.808691938518509,8.982874651566464,9.156816095259469,9.330518212165973,9.503978869745755,9.6771997387886,9.850179586687869,10.022918929349867,10.195417947439045,10.367677625111138,10.53969547373832,10.711474044277924,10.883012060412922
17.76,0.0,0.18704214606692915,0.37442534466337607,0.5615980225709527,0.7485598080033351,0.9353115021385028,1.121854434091707,1.3081873922889287,1.4943095315756882,1.7252000831225245,1.9664301210455482,2.2071143001510696,2.4472522894072313,2.6868440285553907,2.9258881978067253,3.164388774311777,3.4023407232415592,3.6397479886539297,3.8766090371438633,4.112924650159123,4.348694453653779,4.56117254126287,4.751921188965391,4.942215464657062,5.124418232804196,5.284401389857695,5.444205986201656,5.603832914307283,5.763280203208742,5.9225526767433205,6.053665685513254,6.180876616092268,6.307994840553932,6.435018994250729,6.561949486952557,6.688787086851611,6.815530587132635,6.942182055293733,7.068738446120948,7.195202923512278,7.321574380982665,7.447852079557016,7.574035986407212,7.7001275658924335,7.826125724972243,7.952030946721733,8.077842814778313,8.203561399188775,8.32918695695195,8.454719612197826
18.37,0.0,0.13157238556138484,0.2637214209502914,0.3957947413970042,0.5277922605552043,0.6597130826273334,0.7915576742574815,0.9233252344924003,1.0909397594947357,1.2848041538221833,1.4783745093859824,1.6716515847082336,1.8646339518503585,2.057322083242652,2.2497160020709783,2.4418174961337913,2.6336236085411024,2.8251367046891906,3.016356350801319,3.1792582032276306,3.320296197778916,3.4342046504820423,3.5383989174127883,3.642528190653771,3.7465938794796205,3.8505945974748323,3.954532277776013,4.058405624474604,4.162214065515569,4.265958781019541,4.369640051317858,4.453891079706129,4.526400072384895,4.598884587066365,4.671343649285853,4.743779116111857,4.816189136348603,4.888574514313637,4.960934623564617,5.033270251303201,5.105580541562393,5.177866898586925,5.250127605954946,5.322363426225718,5.394574924066142,5.466761096920769,5.538923640792537,5.620396006636918,5.718635939108108,5.81683926542863
18.98,0.0,0.07280448905231385,0.14576535942603108,0.21870596628040806,0.29162727986297154,0.36452779143878455,0.43740679041399666,0.5419328294072545,0.6859166183693977,0.8297599568537817,0.9734636059213431,1.1170269794652077,1.2604502094728964,1.403732728580065,1.5468762749315634,1.6898790377287476,1.832742197330317,1.9754655841526025,2.1180486587976444,2.260492110925716,2.402796100796778,2.544958534320485,2.6161556113580953,2.6788756960381854,2.741578878362172,2.804263654721739,2.866932162326563,2.9295830459438843,2.9922172168899808,3.0548333319735277,3.1174317727103995,3.180013395472936,3.215879257930543,3.2477176948264352,3.279550585603963,3.311378395842701,3.3432004671124282,3.3750171355031555,3.4068287315871415,3.4386347108090187,3.470436185157577,3.502231838696579,3.534021236402174,3.565806103994895,3.5975852687962884,3.629359110625896,3.661127577865686,3.6928907489821916,3.724648633599492,3.75640108456472
19.59,0.0,0.026836848919453704,0.05382395561054354,0.08080731850570455,0.10778641081932161,0.13476190420130818,0.16173375025776426,0.18870180874603903,0.26041818075902556,0.35150092509486086,0.44252495337399056,0.5334889240142138,0.6243946558575186,0.7152406698461178,0.8060278163364409,0.8967557299748741,0.9874245550782978,1.07803434451188,1.1685851478724474,1.25907690381577,1.3495099615526973,1.4398835465683657,1.5301980487189226,1.6204537459266977,1.7106507245933766,1.7737782647553324,1.7937700881570762,1.8137596292445157,1.8337467450275091,1.8537312592836974,1.8737132531621015,1.8936933816729673,1.9136701670099177,1.9336447217378594,1.9536166743632455,1.9735864551970739,1.9935536415034094,2.013518496219391,2.0334808045213038,2.053440550114294,2.07339729495406,2.093352646346147,2.113304849772357,2.133254574742538,2.1532016914422303,2.1731463918988725,2.1930886707727137,2.2130283865597122,2.2329656775112006,2.2529002816613186
20.2,3.614199578505506e-05,0.010052588018427677,0.020067700778569897,0.030081530410752677,0.040094063684359416,0.050105276970191515,0.060115133702987045,0.07012372522169352,0.08013099938722901,0.09013699199931224,0.10014159386494415,0.11014494443352119,0.149282121619998,0.2007552929170764,0.2522060515696811,0.3036346010706681,0.35504106986258277,0.406424863401611,0.4577858425750425,0.5091253573258236,0.5604422976877133,0.6117368919093091,0.6630089979216547,0.7142592890467259,0.7654870388485557,0.816692516478501,0.8678757736149567,0.9190365012965107,0.9701752757709681,1.0212915355088947,1.0723852623764074,1.1234574439096034,1.1745069306226097,1.2255346827624414,1.276539832739243,1.3275225472499042,1.3784831368600092,1.4125458503031263,1.4163036044432586,1.4200611398874963,1.4238184458747138,1.4275755664393985,1.4313324836400132,1.4350891936697918,1.4388456745050293,1.4426019338652618,1.446357975936896,1.4501138184091489,1.4538694429442334,1.4576248642777956
20.82,1.4684533145015166e-05,0.008911067211359036,0.01780638526149847,0.026700671946944254,0.035593904342001714,0.04448607925526815,0.053377255032127646,0.0622673611334168,0.07115641682415852,0.08004442412170576,0.08893138000386491,0.09781727330420154,0.10670218046970881,0.1155860291709998,0.12446879589800286,0.1333505407739799,0.14223122626531026,0.1511108839324482,0.15998952865943217,0.16886705716562256,0.17774358256706924,0.1866190554478342,0.1954934798280461,0.2043668890621131,0.21323919057908425,0.22211047711814258,0.23098073788684337,0.239849927702096,0.26527591471381395,0.29142926844691885,0.3175753832202255,0.34371387216165505,0.3698447021511342,0.3959682154591526,0.4220845549469998,0.4481933512479275,0.4742946384299285,0.5003883857554348,0.5264753432409841,0.5525540535931239,0.5786255741862423,0.6046895545492981,0.6307458248884679,0.6567948529573653,0.6828365559470417,0.7088710137450827,0.7348978936947637,0.7609171594353148,0.7869291605779982,0.8129337291058247
21.43,1.373946607596821e-05,0.00779474603933572,0.015574977939836199,0.023354363181016247,0.03113299157206928,0.03891074921605897,0.04668773188952757,0.054463887982358905,0.06223924110297929,0.07001378720674634,0.07778754544436328,0.0855604706091917,0.09333258680415124,0.10110390435913441,0.10887441616779236,0.11664406092825041,0.12441294460615593,0.1321810344958041,0.13994829055512525,0.14771477361678054,0.15548042188316957,0.16324522524827634,0.17100926977923203,0.17877250182837257,0.18653486044071244,0.1942964652793644,0.20205725017778953,0.20981722154762572,0.21757640421126156,0.22533478397034346,0.23309234000503665,0.24084907323785876,0.24860499288011928,0.25636013514563905,0.2641144688673047,0.27186798611695817,0.279620658527735,0.2873725732158272,0.29512365897068626,0.3028739182028062,0.31062338523369926,0.3183720577302429,0.3261198974281898,0.3338669520597026,0.3416131788698151,0.3493586008130767,0.3571032345962566,0.36484704836591275,0.3725900321642772,0.3803322617067506
22.04,3.393472340906811e-05,0.006734335044755735,0.01343413936989446,0.020133292635748923,0.02683189829379984,0.03352985284587051,0.040227240931511865,0.04692398247331253,0.05362010330126621,0.0603156705709984,0.06701056650798565,0.07370489601425945,0.08039860982960167,0.08709169740050982,0.0937841914865567,0.10047610407506458,0.10716736142686312,0.11385805716975783,0.12054810218086187,0.1272375834401318,0.13392642667793275,0.14061466235403275,0.14730228428831982,0.15398929812338036,0.16067571310685036,0.16736153527868725,0.1740467569418369,0.18073134384380962,0.18741534677866323,0.19409870224691428,0.20078147383544298,0.20746364787277427,0.21414522694512828,0.22082620110407403,0.22750653896410622,0.23418622301402126,0.24086537211779335,0.2475439103002186,0.25422183216987637,0.26089913278655175,0.26757584062208073,0.27425192164926004,0.2809274166143294,0.2876022882482676,0.2942765705481687,0.3009502488659277,0.3076233340659207,0.3142957854978534,0.3209676197396205,0.32763885058317843
22.65,4.88657074693144e-05,0.00572244709257097,0.01139557925489143,0.01706824585134825,0.02274048514693261,0.028412259426113806,0.03408362330533654,0.039754550054771354,0.04542499096414909,0.05109505019417204,0.056764646615570236,0.06243375676311391,0.06810249293246473,0.07377074332838296,0.0794385307796519,0.08510593625774554,0.09077285866676554,0.09643936553294097,0.10210544796261933,0.10777106299298955,0.113436232418207,0.11910099708336563,0.12476524774867048,0.1304291325635698,0.1360925244986766,0.14175548651207404,0.14741802272382198,0.15308008079358837,0.15874177062948913,0.16440295792178317,0.17006373397441266,0.1757240356320522,0.18138390658961612,0.18704335446649845,0.19270232840643553,0.19836088040738886,0.2040190123932084,0.20967666485336434,0.21533391198284013,0.22099070931504983,0.22664704682830994,0.23230297605407735,0.23795845482738054,0.24361348153189022,0.2492680674962222,0.254922227387111,0.26057591220706167,0.2662292135877875,0.2718820234236974,0.2775343986065715
23.27,5.285688716716308e-05,0.004768030438884185,0.009482891021383999,0.014197392690806776,0.018911614548133837,0.023625519069603307,0.028339118480347203,0.033052451660664506,0.03776543851781167,0.042478103734833184,0.04719048632267908,0.051902561632366506,0.056614299692014924,0.061325720169458364,0.06603688835256083,0.07074774300315223,0.07545824468714324,0.08016846964403745,0.08487832742226642,0.08958795104432316,0.09429722393515805,0.09900620239654545,0.10371487679395885,0.10842322936067683,0.11313126674502572,0.11783903001656437,0.12254642552246287,0.12725357309301133,0.13196036531386568,0.13666687338905747,0.14137308141233262,0.1460789637352855,0.1507845393271534,0.15548983505048186,0.16019476725677162,0.16489943157292908,0.16960376212291628,0.17430779217046943,0.17901152852819457,0.18371495140058203,0.18841806901672697,0.1931208445112631,0.19782336367044628,0.2025255555054839,0.20722738726947076,0.21192898994026876,0.2166302382024199,0.22133115799551906,0.2260318103308956,0.23073217114446543
23.88,4.8106699523930985e-05,0.003880837132808068,0.007713379215068539,0.011545700470094733,0.015377822180506762,0.019209721109569866,0.023041457663164344,0.026872937175592693,0.030704242460721787,0.03453530472619093,0.038366176511372974,0.042196877499023344,0.04602733122803793,0.0498575927139977,0.05368764039588303,0.05751747824844777,0.06134710416613176,0.06517653114994637,0.06900573871104765,0.07283474699315562,0.07666358351281488,0.08049218693599869,0.08432058057242786,0.08814877040360658,0.09197675647475423,0.09580453121187382,0.09963208271364099,0.10345945146333912,0.10728659954756248,0.1111135542411934,0.11494027638592197,0.11876683196051507,0.12259315937780402,0.1264192777255868,0.1302452079157801,0.13407090406888367,0.13789638302660334,0.1417216954258449,0.14554677999554233,0.1493716659595412,0.15319631143180246,0.1570208285206487,0.16084505392836013,0.1646691190706484,0.16849296654012358,0.17231659955998513,0.17614002518602234,0.17996324569825584,0.183786266307695,0.18760905632034808
24.49,3.455716111044893e-05,0.003070122821069443,0.006105559751878875,0.009140899955806248,0.012176068297986564,0.015211120779234921,0.018246017014622584,0.021280823175440222,0.024315482007275513,0.027350007276660815,0.03038441073553999,0.033418663108797375,0.03645281029410752,0.039486799530663586,0.042520643216292786,0.045554360371369285,0.04858798511325757,0.05162146386381572,0.054654804193787765,0.05768799403103042,0.06072106199673799,0.06375402918689099,0.06678681707670275,0.06981951679875253,0.07285207268820093,0.07588449799010855,0.07891676064878395,0.08194889336005096,0.08498093171951382,0.08801282869975724,0.09104459997231196,0.09407622299875129,0.09710770800764879,0.10013907762213003,0.10317032298166051,0.10620141200199384,0.10923239928044559,0.11226323108942671,0.11529392669696881,0.11832453164603018,0.1213549604482611,0.12438526487488222,0.12741545455691172,0.13044550715550773,0.13347544080165585,0.13650523921402424,0.13953486622542144,0.14256439427356993,0.14559377723770695,0.14862304354698042
25.1,1.2310762964595767e-05,0.0023436581508162746,0.004674948637517495,0.0070061487994599325,0.009337285169330745,0.011668350191651466,0.013999293984401362,0.0163301604551358,0.018661002865649756,0.020991735671327394,0.023322373582401745,0.025652959684729915,0.027983434500244986,0.03031388289792547,0.03264420643963595,0.03497446609000976,0.03730466344193939,0.039634755181083836,0.04196480470768371,0.04429472931992695,0.046624602548528404,0.048954394450761995,0.05128412041042196,0.053613734913382505,0.05594331691133325,0.05827276475328658,0.060602190271930034,0.06293150960103855,0.0652607413354156,0.06758990193768133,0.06991898320241052,0.0722479876515747,0.07457691439628489,0.0769057706183296,0.0792345358121671,0.08156324985272301,0.08389186916694102,0.08622038540425647,0.08854885858017303,0.09087721584795094,0.09320553760904238,0.09553375973119227,0.09786190366801728,0.1001899604286538,0.10251795711344602,0.10484583847328866,0.10717368686765649,0.10950142426409126,0.11182911792104733,0.11415672890026096
25.71,1.633719204363615e-05,0.0017498486506895006,0.0034832973274778745,0.00521676445434105,0.006950135627370457,0.008683478577564685,0.010416807755775359,0.012150101957575377,0.013883287514981912,0.015616459569667285,0.017349589188675463,0.019082664985115017,0.020815721218225836,0.022548727823668013,0.024281649984925213,0.026014571912358342,0.027747437443614853,0.029480237441459334,0.03121302177073737,0.03294577794727971,0.03467846288714993,0.03641111348857695,0.03814372628904161,0.039876278033434964,0.04160878907406573,0.04334124649814086,0.045073687761065795,0.04680607482113741,0.04853839983901542,0.05027070923527832,0.052002972292042315,0.05373519334798127,0.055467339340475874,0.05719946969833245,0.05893155030582964,0.06066359782443964,0.062395568783069066,0.06412750043048865,0.06585941029974007,0.06759128363342803,0.0693231181011722,0.071054864503306,0.0727866072141592,0.07451829492557405,0.07624994629168436,0.07798153906264371,0.07971306970825376,0.08144462010477582,0.08317605672120143,0.0849074742307554
26.33,3.736746368998567e-05,0.0012787362600685803,0.002520094426206043,0.0037614010531705766,0.005002716264301821,0.006243989664267424,0.0074852491746213445,0.008726509692436046,0.009967692710111109,0.011208871572820911,0.012450044694711782,0.013691215659450418,0.01493235031712059,0.016173442284028727,0.017414510256541504,0.018655555629476517,0.01989660269942073,0.021137597231424277,0.022378573694936676,0.023619564438126517,0.02486050112924243,0.02610143063913606,0.02734234706339711,0.02858320179179863,0.0298240714097342,0.03106489058327666,0.032305684477806906,0.033546488709723654,0.034787254261625655,0.036027984556574744,0.03726871303214585,0.03850940398816283,0.03975010285398595,0.0409907228729911,0.04223133919332156,0.04347194237489527,0.044712506788080475,0.04595309869759312,0.04719360627204461,0.04843411529782404,0.04967463946322637,0.050915092171588405,0.0521555378427907,0.05339598087785724,0.0546363755395074,0.055876756589590126,0.05711711871363434,0.058357438051626076,0.05959774962612796,0.060838031458998465
26.94,4.950497645150875e-05,0.0008883654172175959,0.001727183802824328,0.002566035885265272,0.0034048808428388533,0.004243673239456847,0.005082497870578795,0.0059212727063551185,0.006760058860444396,0.007598807467312785,0.00843758460234989,0.009276353912135438,0.010115060274284993,0.010953770728761025,0.011792477735306228,0.012631193826273535,0.013469896883355759,0.014308594011269715,0.0151472715194223,0.015985935426088282,0.016824591129049882,0.017663245505050718,0.018501868930775878,0.019340488054175875,0.020179102550865746,0.02101769870164194,0.021856301393397004,0.02269485764817558,0.023533429479338785,0.024371998781358428,0.02521056909460251,0.02604910927654913,0.026887639492145787,0.02772616421412577,0.028564660577179435,0.02940315448946018,0.03024165996142747,0.03108010125362215,0.03191858488912347,0.03275706407264156,0.033595503838290686,0.03443392187300054,0.035272342357017816,0.0361107738579558,0.036949181727830016,0.03778757447141512,0.03862594033486877,0.039464337105943326,0.04030268022943151,0.041141043383530196
27.55,5.323276806024069e-05,0.0005781058181830723,0.001102978153177947,0.0016278372064415514,0.002152688798218172,0.0026775467702244704,0.0032023741927789118,0.003727216343618611,0.004252053423059454,0.00477688688179656,0.005301705215920993,0.005826548577847479,0.006351378923419304,0.006876172400793745,0.007400987754702104,0.007925808085706976,0.008450612126342794,0.008975394302046524,0.009500195056832972,0.010024978937372975,0.010549760051026258,0.011074558481327657,0.011599347115298642,0.012124097841181847,0.012648867682751863,0.013173642286878895,0.013698430833941622,0.014223171199301277,0.014747925404856588,0.0152726707465356,0.01579742424655528,0.016322151620751235,0.01684690492893548,0.017371627817297508,0.01789637252045395,0.01842109374790013,0.01894579191498158,0.01947051780176734,0.019995223278057583,0.020519921157480248,0.021044637146705458,0.021569345230254555,0.02209404342961019,0.022618734600909907,0.02314340801834458,0.023668099621132477,0.02419277021782351,0.024717451065459084,0.02524212538154158,0.02576677591207277
28.16,4.773534881818975e-05,0.0003446280788521605,0.0006415620008470846,0.0009384348435670375,0.001235338942795483,0.0015322329304123805,0.0018291141703485891,0.0021260170257719757,0.0024229218532734187,0.0027198189859412025,0.0030166997769365267,0.00331362534699009,0.003610502134165916,0.0039073984225979075,0.004204284507658418,0.00450114026463444,0.00479803327159134,0.005094930621218907,0.005391818239697255,0.005688668133252417,0.005985555985332791,0.0062824389830296035,0.0065793236546318745,0.006876194136007374,0.007173078480182671,0.007469944117433069,0.0077668214745640896,0.008063689215731529,0.008360543297958323,0.00865742580817841,0.0089542860472136,0.009251164287205071,0.00954801611465772,0.009844871892539242,0.010141737422864061,0.010438600042117496,0.010735463058320072,0.011032317062931174,0.011329179375874077,0.011626028777367292,0.01192289574259986,0.012219742700958491,0.012516595806388864,0.012813429668789844,0.0131102959445073,0.013407152103717124,0.013703975034329297,0.014000817419201894,0.014297655782202767,0.014594512191845599
28.78,3.3154183798345116e-05,0.00017771817004685886,0.0003222508995870399,0.00046679850275177515,0.0006112966445925849,0.0007558398188667326,0.000900377694734722,0.0010449205587237387,0.0011894622909180974,0.0013340019375807088,0.0014785380220261324,0.0016231040309344635,0.0017676274980504836,0.0019121564920565604,0.0020567121555958856,0.00220124357364071,0.0023457684941163848,0.002490308663116725,0.00263484671583214,0.0027793900058470378,0.0029238962258593126,0.0030684499123467823,0.003212998399537703,0.0033575341035652073,0.0035020529105311837,0.0036465895139725646,0.003791134888131431,0.0039356714541805005,0.004080187199062557,0.0042247171554543606,0.004369261324654872,0.004513802563743674,0.00465831910699821,0.0048028518795262265,0.004947396662857706,0.005091905903842342,0.005236447742551498,0.005380970246937622,0.005525461200617254,0.005670009549518795,0.005814538826032223,0.005959081451001325,0.006103615510488769,0.006248149964482863,0.006392680886935231,0.006537194877742625,0.006681706839095636,0.006826236897228277,0.006970773614745074,0.007115286507941576
29.39,9.754261365291228e-06,6.452275959079046e-05,0.00011929757722795031,0.00017406225176763712,0.00022883597785572363,0.0002835922633726007,0.000338369216745793,0.000393139938237308,0.0004479018991032646,0.000502669754531837,0.0005574273390429596,0.000612205174876923,0.0006669665571612526,0.000721728015473655,0.0007765049045649342,0.0008312698239976157,0.0008860356475515196,0.0009408007249578354,0.0009955717515386375,0.0010503364454628183,0.0011051151512897484,0.0011598829728121096,0.0012146395944934163,0.0012694160139270494,0.001324191275742237,0.0013789623528714934,0.0014337212200898897,0.0014884888528743367,0.0015432515411473169,0.00159802093324668,0.0016527821784406704,0.001707550698426541,0.0017623350812900895,0.0018170852464804987,0.0018718511159976359,0.0019266273181717253,0.001981383670834891,0.002036158162710411,0.0020909281219783082,0.002145685844012757,0.0022004499886763007,0.002255222787417299,0.0023099929054248847,0.0023647541754656665,0.002419515150342555,0.00247427777790854,0.0025290419714329992,0.0025838054470650462,0.0026385783437832266,0.0026933506265480744
30.0,1.916038089300187e-05,3.206353890172764e-05,4.496164247580481e-05,5.786261664253445e-05,7.076070445144467e-05,8.366184137686972e-05,9.655577555278683e-05,0.00010945023859454395,0.00012235138705518622,0.00013524914157514445,0.00014815043807292483,0.00016104624587232053,0.00017393686295719135,0.00018683493971938248,0.00019970392262091963,0.00021260190331551243,0.00022549968735630088,0.00023839717548934658,0.0002512957833600282,0.00026419707520597413,0.00027709119786445413,0.0002899889080865137,0.00030289034670394344,0.0003157844617573957,0.0003286833391014099,0.0003415817042884406,0.00035447943903532675,0.00036737746818005235,0.0003802747990833133,0.0003931684485314335,0.0004060671616956668,0.0004189658848741118,0.00043186357325808444,0.0004447625284509371,0.0004576588487403832,0.00047055451450894736,0.00048345323592213774,0.000496352008827472,0.000509249892710617,0.0005221474242089741,0.0005350429681194591,0.0005479406650077401,0.0005608383845334686,0.0005737362217539399,0.0005866335644588716,0.0005995308875683669,0.0006124288612241457,0.0006253262975874918,0.0006382270656302147,0.0006511248509477596
